{"cameraMode":{"drawMode":0,"name":"Shaded","section":"Shading Mode"},"sceneLighting":false,"audioPlay":false,"sceneViewState":{"showFog":true,"showMaterialUpdate":false,"showSkybox":false,"showFlares":false,"showImageEffects":true,"showParticleSystems":true,"showVisualEffectGraphs":true,"m_FxEnabled":true},"in2DMode":false,"pivot":{"x":6.659076690673828,"y":23.533117294311525,"z":21.994739532470704},"rotation":{"x":0.41463661193847659,"y":0.11309055984020233,"z":-0.052006084471940997,"w":0.9014508128166199},"size":12.509312629699707,"orthographic":false}