{"cameraMode":{"drawMode":0,"name":"Shaded","section":"Shading Mode"},"sceneLighting":true,"audioPlay":false,"sceneViewState":{"showFog":true,"showMaterialUpdate":false,"showSkybox":true,"showFlares":false,"showImageEffects":true,"showParticleSystems":true,"showVisualEffectGraphs":true,"m_FxEnabled":true},"in2DMode":false,"pivot":{"x":240.0208740234375,"y":8.395461082458496,"z":108.43756103515625},"rotation":{"x":-0.039411112666130069,"y":0.5316140055656433,"z":-0.023566897958517076,"w":-0.8462135791778565},"size":3.2867209911346437,"orthographic":false}